{
	"ingredients": [
		{
			"id": "I_BANHPHO",
			"name": "Noodle",
			"icon": "i_banhpho.png"
		},
		{
			"id": "I_NUOCDUNG",
			"name": "Broth",
			"icon": "i_nuocdung.png"
		},
		{
			"id": "I_THITBO",
			"name": "Beef",
			"icon": "i_thitbo.png"
		},
		{
			"id": "I_BUN",
			"name": "Vermicelli",
			"icon": "i_bun.png"
		},
		{
			"id": "I_BANHTRANG",
			"name": "Rice Paper",
			"icon": "i_banhtrang.png"
		},
		{
			"id": "I_TOM",
			"name": "Shrimp",
			"icon": "i_tom.png"
		},
		{
			"id": "I_RAUSONG",
			"name": "Herbs",
			"icon": "i_rausong.png"
		},
		{
			"id": "I_BANHMI",
			"name": "Bread",
			"icon": "i_banhmi.png"
		},
		{
			"id": "I_THITHEO",
			"name": "Pork",
			"icon": "i_thitheo.png"
		}
	]
}